"pc","a","sigsq","aic"
"PC1",-3.13654555831937,611.432008269035,810.844728153867
"PC2",-2.63485176381639,336.209843835732,783.072652977294
