"metric","observed","mean_simulated","sd_simulated","p_value_two_tailed"
"Cetacean_area",99.0650641848026,345.1601836265,176.459479698464,0.034
"Non_cetacean_area",1055.13234794604,704.674872062463,206.598845754509,0.122
"Overlap_area",99.0650641848026,245.569557456769,128.995495641737,0.178
"Area_ratio",0.0938887565883523,0.496169197379589,0.215250745035079,0.002
