"pc","blomberg_k","blomberg_k_pvalue","pagel_lambda","pagel_lambda_pvalue"
"PC1",3.92615178220388,0.001,0.999926696326056,4.60219957463624e-127
"PC2",3.4511066895004,0.001,0.999926696326056,1.2872141732244e-122
