"pc","cetacean_mean","terrestrial_mean","cetacean_variance","terrestrial_variance","mean_difference"
"PC1",3.05178722820513,-0.327906796979866,36.0648503967558,135.473571934892,3.37969402518499
"PC2",-0.487759415384615,0.186346606040268,48.6303797553159,97.7495249347683,0.674106021424884
